management,145
strategic planning,144
project management,103
business strategy,97
leadership,96
negotiation,95
new business development,94
sales management,92
contract negotiation,89
marketing strategy,88
customer service,84
marketing,80
sales,80
business development,74
operations management,72
team leadership,72
budgets,67
strategy,66
marketing communications,64
change management,62
project planning,62
entrepreneurship,55
microsoft office,51
team building,49
coaching,48
event management,48
business planning,48
contract management,46
construction,46
product development,44
engineering,44
public relations,43
retail,43
social media,42
property management,41
microsoft excel,40
financial analysis,39
event planning,36
social media marketing,36
management consulting,35
real estate,34
human resources,33
team management,32
transportation,32
french,32
continuous improvement,32
business analysis,32
construction management,31
real estate development,30
advertising,30
procurement,30
leases,29
energy,29
manufacturing,29
training,29
account management,29
logistics,28
process improvement,28
inventory management,28
start ups,27
corporate real estate,26
public speaking,26
project engineering,25
customer satisfaction,25
commissioning,25
purchasing,25
commercial real estate,25
investments,25
lease administration,24
finance,24
risk management,24
product management,24
supply chain management,23
recruiting,23
diligence,23
program management,23
microsoft word,23
facilities management,22
b2b,22
gas,22
business process,22
sales operations,22
hospitality,21
telecommunications,21
lean manufacturing,21
investment properties,21
crm,20
powerpoint,20
petroleum,20
portfolio management,20
disposition,19
hotels,19
strategic partnerships,19
performance management,19
english,19
digital marketing,18
tourism,18
merchandising,18
real estate transactions,18
supply chain,17
online marketing,17
integration,17
media relations,17
landlords,17
forecasting,17
shopping centers,17
market research,17
online advertising,17
location intelligence,16
social networking,16
lease negotiations,16
planification,16
organizational,16
accounting,16
ms project,16
mergers acquisitions,16
employee relations,16
strategic communications,15
digital media,15
television,15
leadership development,15
