17 offres,tfidf
assurance dommages,18.9690332843
analyse risques,10.3013004096
planification financiere,8.76396673075
planificateur financier,6.49342317021
insurance solutions,4.96271492874
assurance vie,4.80801271642
attitude positive,4.40307823117
planification successorale,3.96271492874
planification fiscale,3.58250368703
assurance invalidite,3.56477492007
assurance personnes,2.69320198452
centre appel,2.65096106769
valeurs mobilieres,2.58796658273
role conseil,2.32723118193
enseignement superieur,2.31631120252
communication interpersonnelle,2.26635854001
