insurance,42
customer service,32
assurance,25
microsoft office,24
coaching,22
risk management,21
microsoft excel,20
investments,20
strategic planning,19
life insurance,19
change management,18
strategic financial,18
french,18
finance,16
financial analysis,16
management,15
disability insurance,15
project management,15
retirement planning,14
underwriting,13
microsoft word,13
powerpoint,13
planification,12
marketing,12
business analysis,11
employee benefits,11
leadership,11
mutual funds,10
negotiation,9
health insurance,9
marketing strategy,9
general insurance,9
wealth management,9
property casualty,9
commercial insurance,9
outlook,8
team leadership,8
business development,8
english,8
portfolio management,7
sales,7
retirement,7
formation,7
business strategy,7
assurance collective,6
developpement,6
public speaking,6
process improvement,6
sales management,6
centers,6
strategie commerciale,6
term life insurance,6
marketing communications,6
liability,6
entrepreneurship,6
critical illness,6
group insurance,6
new business development,6
financial services,6
sql,5
analysis,5
social media,5
service clientele,5
service client,5
teamwork,5
agile methodologies,5
brokers,5
strategie marketing,5
banking,5
