strategic planning,975
microsoft office,674
management,672
project management,634
coaching,626
french,620
public relations,565
change management,521
marketing,519
marketing communications,513
marketing strategy,511
business strategy,510
customer service,475
social media,465
microsoft excel,429
leadership,428
planification,362
event management,334
new business development,329
negotiation,327
team leadership,297
sales management,287
microsoft word,283
english,283
public speaking,280
event planning,275
budgets,252
powerpoint,243
gestion projet,229
management consulting,227
entrepreneurship,224
business development,219
organizational,213
human resources,206
strategic communications,205
research,197
project planning,191
social media marketing,180
developpement,177
international relations,175
team building,175
sales,169
corporate communications,155
relations publiques,154
strategy,149
media relations,145
francais,143
operations management,140
team management,140
business analysis,131
teaching,129
web,129
product development,126
business planning,124
photoshop,123
contract negotiation,121
service client,120
advertising,119
communication,117
financial analysis,117
communication marketing,112
strategie marketing,111
gestion,108
formation,105
process improvement,103
online advertising,102
reseaux sociaux,100
performance management,99
leadership development,98
