insurance,122
property casualty,90
general insurance,86
commercial insurance,86
customer service,85
microsoft office,79
assurance,71
underwriting,68
risk management,64
liability,56
brokers,55
coaching,51
microsoft excel,50
professional liability,43
microsoft word,36
strategic planning,35
casualty,32
negotiation,31
commercial lines,30
legal liability,29
management,29
business analysis,29
sales,25
change management,25
service client,24
team leadership,22
french,21
new business development,21
powerpoint,21
leadership,20
d&o,20
assurance commerciale,19
marketing,19
claim,18
courtier,18
umbrella insurance,18
project management,17
outlook,15
marketing communications,15
sales management,14
assurance civile,14
business strategy,13
