marketing communications,72
marketing,69
marketing strategy,56
social media,40
social media marketing,39
project management,37
french,36
digital marketing,30
public relations,29
advertising,29
online advertising,25
event management,23
online marketing,23
strategic planning,21
microsoft office,21
google analytics,20
direct marketing,17
event planning,17
management,16
english,16
microsoft excel,15
marketing research,14
commerce,14
corporate communications,13
email marketing,13
internal communications,13
strategic communications,13
seo,12
web analytics,12
photoshop,11
market research,11
communication marketing,11
product marketing,10
web marketing,10
sales management,10
customer service,10
digital strategy,10
negotiation,9
communication,9
integrated marketing,9
sem,9
marketing management,9
market analysis,9
web,8
media relations,8
business strategy,8
b2b,8
product management,8
