marketing communications,47
social media,40
public relations,32
marketing,31
event management,29
french,28
photoshop,27
marketing strategy,25
social media marketing,25
project management,20
microsoft office,20
strategic communications,18
corporate communications,16
media relations,16
english,16
event planning,14
communication,12
internal communications,12
communication marketing,12
strategic planning,11
management,11
wordpress,11
advertising,11
powerpoint,11
web,10
gestion projet,10
reseaux sociaux,10
product marketing,9
international relations,8
microsoft excel,8
web marketing,8
online advertising,8
francais,8
indesign,7
blogging,7
digital marketing,7
illustrator,7
redaction,7
digital strategy,7
microsoft word,7
strategie marketing,7
seo,6
sem,6
marketing management,6
commerce,6
market research,6
facebook,6
html,6
b2b,6
relations publiques,5
press releases,5
spanish,5
direct marketing,5
google analytics,5
community management,5
web design,5
team leadership,5
editing,5
windows,5
media planning,5
