78 offres,tfidf
communication interne,44.1632233154
plan communication,32.0484659668
relations presse,30.8190133646
communication marketing,29.4735507004
marketing communication,23.6283185667
social media,21.1276257961
relations publiques,20.3026663369
marketing digital,19.5885345107
communiques presse,18.1093935396
relations medias,16.3625942436
climate change,9.92542985748
strategic communications,9.92542985748
developpement partenariats,9.29817620586
gestion contenu,8.78787351977
public speaking,8.52748984881
executive director,8.36912735672
organisation evenements,8.32558262372
digital communication,8.1192498835
changements climatiques,8.01694483861
marketing promotion,7.46453201473
vision strategique,7.38496699957
adobe indesign,7.06270232917
public relations,6.8624720234
seo sem,6.4447044785
collecte fonds,6.35477018746
strategies communication,6.32674875858
communications marketing,6.1192498835
time management,5.9608873914
management skills,5.87481812695
experience utilisateur,5.79651387903
